{
  "minecraft:recipes/decorations/crafting_table": {
    "criteria": {
      "unlock_right_away": "2025-08-21 22:41:01 -0400"
    },
    "done": true
  },
  "minecraft:adventure/adventuring_time": {
    "criteria": {
      "minecraft:plains": "2025-08-21 22:41:02 -0400"
    },
    "done": false
  },
  "computercraft:recipes/redstone/turtle_advanced_overlays/turtle_trans_overlay": {
    "criteria": {
      "has_turtle": "2025-08-21 22:41:17 -0400"
    },
    "done": true
  },
  "computercraft:recipes/redstone/turtle_advanced_overlays/turtle_rainbow_overlay": {
    "criteria": {
      "has_turtle": "2025-08-21 22:41:17 -0400"
    },
    "done": true
  },
  "minecraft:recipes/building_blocks/stone_bricks": {
    "criteria": {
      "has_stone": "2025-08-21 22:42:02 -0400"
    },
    "done": true
  },
  "minecraft:recipes/building_blocks/stone_brick_slab_from_stone_stonecutting": {
    "criteria": {
      "has_stone": "2025-08-21 22:42:02 -0400"
    },
    "done": true
  },
  "minecraft:recipes/building_blocks/stone_brick_stairs_from_stone_stonecutting": {
    "criteria": {
      "has_stone": "2025-08-21 22:42:02 -0400"
    },
    "done": true
  },
  "minecraft:recipes/building_blocks/stone_slab_from_stone_stonecutting": {
    "criteria": {
      "has_stone": "2025-08-21 22:42:02 -0400"
    },
    "done": true
  },
  "minecraft:recipes/building_blocks/stone_bricks_from_stone_stonecutting": {
    "criteria": {
      "has_stone": "2025-08-21 22:42:02 -0400"
    },
    "done": true
  },
  "minecraft:recipes/building_blocks/stone_slab": {
    "criteria": {
      "has_stone": "2025-08-21 22:42:02 -0400"
    },
    "done": true
  },
  "minecraft:recipes/building_blocks/chiseled_stone_bricks_stone_from_stonecutting": {
    "criteria": {
      "has_stone": "2025-08-21 22:42:02 -0400"
    },
    "done": true
  },
  "minecraft:recipes/building_blocks/stone_stairs_from_stone_stonecutting": {
    "criteria": {
      "has_stone": "2025-08-21 22:42:02 -0400"
    },
    "done": true
  },
  "minecraft:recipes/redstone/stone_button": {
    "criteria": {
      "has_stone": "2025-08-21 22:42:02 -0400"
    },
    "done": true
  },
  "minecraft:recipes/decorations/stonecutter": {
    "criteria": {
      "has_stone": "2025-08-21 22:42:02 -0400"
    },
    "done": true
  },
  "minecraft:recipes/redstone/stone_pressure_plate": {
    "criteria": {
      "has_stone": "2025-08-21 22:42:02 -0400"
    },
    "done": true
  },
  "minecraft:recipes/building_blocks/smooth_stone": {
    "criteria": {
      "has_stone": "2025-08-21 22:42:02 -0400"
    },
    "done": true
  },
  "minecraft:recipes/decorations/stone_brick_walls_from_stone_stonecutting": {
    "criteria": {
      "has_stone": "2025-08-21 22:42:02 -0400"
    },
    "done": true
  },
  "minecraft:recipes/building_blocks/stone_stairs": {
    "criteria": {
      "has_stone": "2025-08-21 22:42:02 -0400"
    },
    "done": true
  },
  "minecraft:recipes/misc/iron_ingot_from_iron_block": {
    "criteria": {
      "has_iron_block": "2025-08-21 22:42:48 -0400"
    },
    "done": true
  },
  "minecraft:recipes/decorations/anvil": {
    "criteria": {
      "has_iron_block": "2025-08-21 22:42:48 -0400"
    },
    "done": true
  },
  "minecraft:recipes/decorations/lime_glazed_terracotta": {
    "criteria": {
      "has_lime_terracotta": "2025-08-21 22:43:32 -0400"
    },
    "done": true
  },
  "minecraft:story/lava_bucket": {
    "criteria": {
      "lava_bucket": "2025-08-21 22:51:27 -0400"
    },
    "done": true
  },
  "minecraft:recipes/decorations/yellow_glazed_terracotta": {
    "criteria": {
      "has_yellow_terracotta": "2025-08-22 00:17:22 -0400"
    },
    "done": true
  },
  "computercraft:recipes/redstone/monitor_normal": {
    "criteria": {
      "has_computer": "2025-08-22 00:35:43 -0400"
    },
    "done": true
  },
  "computercraft:recipes/redstone/printer": {
    "criteria": {
      "has_computer": "2025-08-22 00:35:43 -0400"
    },
    "done": true
  },
  "computercraft:recipes/redstone/cable": {
    "criteria": {
      "has_computer": "2025-08-22 00:35:43 -0400"
    },
    "done": true
  },
  "computercraft:recipes/redstone/wireless_modem_advanced": {
    "criteria": {
      "has_computer": "2025-08-22 00:35:43 -0400"
    },
    "done": true
  },
  "computercraft:recipes/redstone/pocket_computer_normal": {
    "criteria": {
      "has_computer": "2025-08-22 00:35:43 -0400"
    },
    "done": true
  },
  "computercraft:recipes/redstone/monitor_advanced": {
    "criteria": {
      "has_computer": "2025-08-22 00:35:43 -0400"
    },
    "done": true
  },
  "computercraft:recipes/redstone/pocket_computer_advanced": {
    "criteria": {
      "has_computer": "2025-08-22 00:35:43 -0400"
    },
    "done": true
  },
  "computercraft:recipes/redstone/disk_drive": {
    "criteria": {
      "has_computer": "2025-08-22 00:35:43 -0400"
    },
    "done": true
  },
  "computercraft:recipes/redstone/speaker": {
    "criteria": {
      "has_computer": "2025-08-22 00:35:43 -0400"
    },
    "done": true
  },
  "computercraft:recipes/redstone/wired_modem": {
    "criteria": {
      "has_computer": "2025-08-22 00:35:43 -0400"
    },
    "done": true
  },
  "computercraft:recipes/redstone/wireless_modem_normal": {
    "criteria": {
      "has_computer": "2025-08-22 00:35:43 -0400"
    },
    "done": true
  },
  "computercraft:recipes/decorations/skull_dan200": {
    "criteria": {
      "has_computer": "2025-08-22 00:35:43 -0400"
    },
    "done": true
  },
  "DataVersion": 3465
}