{"stats":{"minecraft:custom":{"minecraft:jump":20,"minecraft:time_since_rest":40753,"minecraft:crouch_one_cm":73,"minecraft:leave_game":2,"minecraft:play_time":122088,"minecraft:walk_one_cm":7201,"minecraft:time_since_death":40713,"minecraft:deaths":1,"minecraft:sneak_time":369,"minecraft:total_world_time":174624,"minecraft:fly_one_cm":73603},"minecraft:picked_up":{"computercraft:turtle_advanced":8,"minecraft:bucket":1},"minecraft:used":{"computercraft:turtle_advanced":8,"minecraft:oak_sign":11,"computercraft:computer_advanced":1,"minecraft:dirt":296,"minecraft:lime_terracotta":10,"minecraft:yellow_terracotta":7,"minecraft:iron_block":306,"minecraft:red_concrete":9}},"DataVersion":3465}